Catagory1,Catagory2,Catagory3
15,16,17
18,19,20
6,7,8
9,10,11
12,13,14
1.49717e-38,1.49717e-38,0
16,17,0
